RecordType,StartTime,Demand
VD,2025-11-24T21:30:00Z,39817
VD,2025-11-24T21:35:00Z,39394
VD,2025-11-24T21:40:00Z,39016
VD,2025-11-24T21:45:00Z,38709
VD,2025-11-24T21:50:00Z,38437
VD,2025-11-24T21:55:00Z,38218
VD,2025-11-24T22:00:00Z,38200
VD,2025-11-24T22:05:00Z,37617
VD,2025-11-24T22:10:00Z,37234
VD,2025-11-24T22:15:00Z,36944
VD,2025-11-24T22:20:00Z,36696
VD,2025-11-24T22:25:00Z,36358
VD,2025-11-24T22:30:00Z,36094
VD,2025-11-24T22:35:00Z,35815
VD,2025-11-24T22:40:00Z,35655
VD,2025-11-24T22:45:00Z,35437
VD,2025-11-24T22:50:00Z,35131
VD,2025-11-24T22:55:00Z,34928
VD,2025-11-24T23:00:00Z,34591
VD,2025-11-24T23:05:00Z,34079
VD,2025-11-24T23:10:00Z,33615
VD,2025-11-24T23:15:00Z,33354
VD,2025-11-24T23:20:00Z,33082
VD,2025-11-24T23:25:00Z,33012
VD,2025-11-24T23:30:00Z,33121
VD,2025-11-24T23:35:00Z,33100
VD,2025-11-24T23:40:00Z,32947
VD,2025-11-24T23:45:00Z,32871
VD,2025-11-24T23:50:00Z,32775
VD,2025-11-24T23:55:00Z,32750
VD,2025-11-25T00:00:00Z,32857
VD,2025-11-25T00:05:00Z,32834
VD,2025-11-25T00:10:00Z,32742
VD,2025-11-25T00:15:00Z,32571
VD,2025-11-25T00:20:00Z,32323
VD,2025-11-25T00:25:00Z,32157
VD,2025-11-25T00:30:00Z,32445
VD,2025-11-25T00:35:00Z,32809
VD,2025-11-25T00:40:00Z,32848
VD,2025-11-25T00:45:00Z,32781
VD,2025-11-25T00:50:00Z,32745
VD,2025-11-25T00:55:00Z,32842
VD,2025-11-25T01:00:00Z,33047
VD,2025-11-25T01:05:00Z,33252
VD,2025-11-25T01:10:00Z,33352
VD,2025-11-25T01:15:00Z,33150
VD,2025-11-25T01:20:00Z,32817
VD,2025-11-25T01:25:00Z,32466
VD,2025-11-25T01:30:00Z,32238
VD,2025-11-25T01:35:00Z,31987
VD,2025-11-25T01:40:00Z,31934
VD,2025-11-25T01:45:00Z,31961
VD,2025-11-25T01:50:00Z,31936
VD,2025-11-25T01:55:00Z,31845
VD,2025-11-25T02:00:00Z,31789
VD,2025-11-25T02:05:00Z,31673
VD,2025-11-25T02:10:00Z,31573
VD,2025-11-25T02:15:00Z,31492
VD,2025-11-25T02:20:00Z,31507
VD,2025-11-25T02:25:00Z,31535
VD,2025-11-25T02:30:00Z,31543
VD,2025-11-25T02:35:00Z,31493
VD,2025-11-25T02:40:00Z,31398
VD,2025-11-25T02:45:00Z,31265
VD,2025-11-25T02:50:00Z,31228
VD,2025-11-25T02:55:00Z,31395
VD,2025-11-25T03:00:00Z,31407
VD,2025-11-25T03:05:00Z,31330
VD,2025-11-25T03:10:00Z,31189
VD,2025-11-25T03:15:00Z,31169
VD,2025-11-25T03:20:00Z,31117
VD,2025-11-25T03:25:00Z,31122
VD,2025-11-25T03:30:00Z,31151
VD,2025-11-25T03:35:00Z,30957
VD,2025-11-25T03:40:00Z,30816
VD,2025-11-25T03:45:00Z,30761
VD,2025-11-25T03:50:00Z,30728
VD,2025-11-25T03:55:00Z,30686
VD,2025-11-25T04:00:00Z,30676
VD,2025-11-25T04:05:00Z,30648
VD,2025-11-25T04:10:00Z,30837
VD,2025-11-25T04:15:00Z,31041
VD,2025-11-25T04:20:00Z,31143
VD,2025-11-25T04:25:00Z,31147
VD,2025-11-25T04:30:00Z,31015
VD,2025-11-25T04:35:00Z,30941
VD,2025-11-25T04:40:00Z,30933
VD,2025-11-25T04:45:00Z,30796
VD,2025-11-25T04:50:00Z,30596
VD,2025-11-25T04:55:00Z,30667
VD,2025-11-25T05:00:00Z,30683
VD,2025-11-25T05:05:00Z,30927
VD,2025-11-25T05:10:00Z,31126
VD,2025-11-25T05:15:00Z,31309
VD,2025-11-25T05:20:00Z,31542
VD,2025-11-25T05:25:00Z,31618
VD,2025-11-25T05:30:00Z,31489
VD,2025-11-25T05:35:00Z,31543
VD,2025-11-25T05:40:00Z,31495
VD,2025-11-25T05:45:00Z,31747
VD,2025-11-25T05:50:00Z,32097
VD,2025-11-25T05:55:00Z,32626
VD,2025-11-25T06:00:00Z,33440
VD,2025-11-25T06:05:00Z,34233
VD,2025-11-25T06:10:00Z,34717
VD,2025-11-25T06:15:00Z,35078
VD,2025-11-25T06:20:00Z,35597
VD,2025-11-25T06:25:00Z,36074
VD,2025-11-25T06:30:00Z,36668
VD,2025-11-25T06:35:00Z,37145
VD,2025-11-25T06:40:00Z,37511
VD,2025-11-25T06:45:00Z,37982
VD,2025-11-25T06:50:00Z,38460
VD,2025-11-25T06:55:00Z,38888
VD,2025-11-25T07:00:00Z,39823
VD,2025-11-25T07:05:00Z,40545
VD,2025-11-25T07:10:00Z,40851
VD,2025-11-25T07:15:00Z,41240
VD,2025-11-25T07:20:00Z,41685
VD,2025-11-25T07:25:00Z,41981
VD,2025-11-25T07:30:00Z,42381
VD,2025-11-25T07:35:00Z,42797
VD,2025-11-25T07:40:00Z,42952
VD,2025-11-25T07:45:00Z,43157
VD,2025-11-25T07:50:00Z,43285
VD,2025-11-25T07:55:00Z,43495
VD,2025-11-25T08:00:00Z,43704
VD,2025-11-25T08:05:00Z,44000
VD,2025-11-25T08:10:00Z,43998
VD,2025-11-25T08:15:00Z,44090
VD,2025-11-25T08:20:00Z,44151
VD,2025-11-25T08:25:00Z,44147
VD,2025-11-25T08:30:00Z,44115
VD,2025-11-25T08:35:00Z,44122
VD,2025-11-25T08:40:00Z,43981
VD,2025-11-25T08:45:00Z,43936
VD,2025-11-25T08:50:00Z,43887
VD,2025-11-25T08:55:00Z,43909
VD,2025-11-25T09:00:00Z,44338
VD,2025-11-25T09:05:00Z,44453
VD,2025-11-25T09:10:00Z,44356
VD,2025-11-25T09:15:00Z,44230
VD,2025-11-25T09:20:00Z,44009
VD,2025-11-25T09:25:00Z,43936
VD,2025-11-25T09:30:00Z,43686
VD,2025-11-25T09:35:00Z,43547
VD,2025-11-25T09:40:00Z,43235
VD,2025-11-25T09:45:00Z,43004
VD,2025-11-25T09:50:00Z,42976
VD,2025-11-25T09:55:00Z,42929
VD,2025-11-25T10:00:00Z,42951
VD,2025-11-25T10:05:00Z,42891
VD,2025-11-25T10:10:00Z,42609
VD,2025-11-25T10:15:00Z,42377
VD,2025-11-25T10:20:00Z,42287
VD,2025-11-25T10:25:00Z,42261
VD,2025-11-25T10:30:00Z,42236
VD,2025-11-25T10:35:00Z,42057
VD,2025-11-25T10:40:00Z,41960
VD,2025-11-25T10:45:00Z,41801
VD,2025-11-25T10:50:00Z,41644
VD,2025-11-25T10:55:00Z,41423
VD,2025-11-25T11:00:00Z,41461
VD,2025-11-25T11:05:00Z,41449
VD,2025-11-25T11:10:00Z,41412
VD,2025-11-25T11:15:00Z,41451
VD,2025-11-25T11:20:00Z,41377
VD,2025-11-25T11:25:00Z,41195
VD,2025-11-25T11:30:00Z,41087
VD,2025-11-25T11:35:00Z,40929
VD,2025-11-25T11:40:00Z,40805
VD,2025-11-25T11:45:00Z,40843
VD,2025-11-25T11:50:00Z,41007
VD,2025-11-25T11:55:00Z,40984
VD,2025-11-25T12:00:00Z,40893
VD,2025-11-25T12:05:00Z,40776
VD,2025-11-25T12:10:00Z,40694
VD,2025-11-25T12:15:00Z,40718
VD,2025-11-25T12:20:00Z,40801
VD,2025-11-25T12:25:00Z,40817
VD,2025-11-25T12:30:00Z,40794
VD,2025-11-25T12:35:00Z,40840
VD,2025-11-25T12:40:00Z,40758
VD,2025-11-25T12:45:00Z,40685
VD,2025-11-25T12:50:00Z,40612
VD,2025-11-25T12:55:00Z,40541
VD,2025-11-25T13:00:00Z,40874
VD,2025-11-25T13:05:00Z,40747
VD,2025-11-25T13:10:00Z,40741
VD,2025-11-25T13:15:00Z,40659
VD,2025-11-25T13:20:00Z,40614
VD,2025-11-25T13:25:00Z,40727
VD,2025-11-25T13:30:00Z,40982
VD,2025-11-25T13:35:00Z,41077
VD,2025-11-25T13:40:00Z,41171
VD,2025-11-25T13:45:00Z,41260
VD,2025-11-25T13:50:00Z,41290
VD,2025-11-25T13:55:00Z,41365
VD,2025-11-25T14:00:00Z,41500
VD,2025-11-25T14:05:00Z,41654
VD,2025-11-25T14:10:00Z,41870
VD,2025-11-25T14:15:00Z,41904
VD,2025-11-25T14:20:00Z,41951
VD,2025-11-25T14:25:00Z,42115
VD,2025-11-25T14:30:00Z,42438
VD,2025-11-25T14:35:00Z,42395
VD,2025-11-25T14:40:00Z,42344
VD,2025-11-25T14:45:00Z,42375
VD,2025-11-25T14:50:00Z,42494
VD,2025-11-25T14:55:00Z,42458
VD,2025-11-25T15:00:00Z,42738
VD,2025-11-25T15:05:00Z,43030
VD,2025-11-25T15:10:00Z,42894
VD,2025-11-25T15:15:00Z,42851
VD,2025-11-25T15:20:00Z,43058
VD,2025-11-25T15:25:00Z,43277
VD,2025-11-25T15:30:00Z,43269
VD,2025-11-25T15:35:00Z,43307
VD,2025-11-25T15:40:00Z,43401
VD,2025-11-25T15:45:00Z,43675
VD,2025-11-25T15:50:00Z,44058
VD,2025-11-25T15:55:00Z,43908
VD,2025-11-25T16:00:00Z,43640
VD,2025-11-25T16:05:00Z,43742
VD,2025-11-25T16:10:00Z,43735
VD,2025-11-25T16:15:00Z,44122
VD,2025-11-25T16:20:00Z,44374
VD,2025-11-25T16:25:00Z,44755
VD,2025-11-25T16:30:00Z,45085
VD,2025-11-25T16:35:00Z,45017
VD,2025-11-25T16:40:00Z,45131
VD,2025-11-25T16:45:00Z,45235
VD,2025-11-25T16:50:00Z,45236
VD,2025-11-25T16:55:00Z,45346
VD,2025-11-25T17:00:00Z,45352
VD,2025-11-25T17:05:00Z,45429
VD,2025-11-25T17:10:00Z,45589
VD,2025-11-25T17:15:00Z,45653
VD,2025-11-25T17:20:00Z,45664
VD,2025-11-25T17:25:00Z,45645
VD,2025-11-25T17:30:00Z,45793
VD,2025-11-25T17:35:00Z,45715
VD,2025-11-25T17:40:00Z,45618
VD,2025-11-25T17:45:00Z,45631
VD,2025-11-25T17:50:00Z,45560
VD,2025-11-25T17:55:00Z,45511
VD,2025-11-25T18:00:00Z,45579
VD,2025-11-25T18:05:00Z,45512
VD,2025-11-25T18:10:00Z,45411
VD,2025-11-25T18:15:00Z,45393
VD,2025-11-25T18:20:00Z,45229
VD,2025-11-25T18:25:00Z,45128
VD,2025-11-25T18:30:00Z,45019
VD,2025-11-25T18:35:00Z,45153
VD,2025-11-25T18:40:00Z,45167
VD,2025-11-25T18:45:00Z,45097
VD,2025-11-25T18:50:00Z,45143
VD,2025-11-25T18:55:00Z,45206
VD,2025-11-25T19:00:00Z,44890
VD,2025-11-25T19:05:00Z,44864
VD,2025-11-25T19:10:00Z,44790
VD,2025-11-25T19:15:00Z,44666
VD,2025-11-25T19:20:00Z,44313
VD,2025-11-25T19:25:00Z,44194
VD,2025-11-25T19:30:00Z,44007
VD,2025-11-25T19:35:00Z,44037
VD,2025-11-25T19:40:00Z,43781
VD,2025-11-25T19:45:00Z,43485
VD,2025-11-25T19:50:00Z,43232
VD,2025-11-25T19:55:00Z,43236
VD,2025-11-25T20:00:00Z,42951
VD,2025-11-25T20:05:00Z,42729
VD,2025-11-25T20:10:00Z,42436
VD,2025-11-25T20:15:00Z,42302
VD,2025-11-25T20:20:00Z,42150
VD,2025-11-25T20:25:00Z,41910
VD,2025-11-25T20:30:00Z,41605
VD,2025-11-25T20:35:00Z,41435
VD,2025-11-25T20:40:00Z,41289
VD,2025-11-25T20:45:00Z,41200
VD,2025-11-25T20:50:00Z,41046
VD,2025-11-25T20:55:00Z,40761
VD,2025-11-25T21:00:00Z,40889
VD,2025-11-25T21:05:00Z,40776
VD,2025-11-25T21:10:00Z,40429
VD,2025-11-25T21:15:00Z,40134